CREATE DATABASE  IF NOT EXISTS `phone-allocator` /*!40100 DEFAULT CHARACTER SET utf8mb4 COLLATE utf8mb4_0900_ai_ci */ /*!80016 DEFAULT ENCRYPTION='N' */;
USE `phone-allocator`;
-- MySQL dump 10.13  Distrib 8.0.36, for Win64 (x86_64)
--
-- Host: localhost    Database: phone-allocator
-- ------------------------------------------------------
-- Server version	8.0.37

/*!40101 SET @OLD_CHARACTER_SET_CLIENT=@@CHARACTER_SET_CLIENT */;
/*!40101 SET @OLD_CHARACTER_SET_RESULTS=@@CHARACTER_SET_RESULTS */;
/*!40101 SET @OLD_COLLATION_CONNECTION=@@COLLATION_CONNECTION */;
/*!50503 SET NAMES utf8 */;
/*!40103 SET @OLD_TIME_ZONE=@@TIME_ZONE */;
/*!40103 SET TIME_ZONE='+00:00' */;
/*!40014 SET @OLD_UNIQUE_CHECKS=@@UNIQUE_CHECKS, UNIQUE_CHECKS=0 */;
/*!40014 SET @OLD_FOREIGN_KEY_CHECKS=@@FOREIGN_KEY_CHECKS, FOREIGN_KEY_CHECKS=0 */;
/*!40101 SET @OLD_SQL_MODE=@@SQL_MODE, SQL_MODE='NO_AUTO_VALUE_ON_ZERO' */;
/*!40111 SET @OLD_SQL_NOTES=@@SQL_NOTES, SQL_NOTES=0 */;

--
-- Table structure for table `organizations`
--

DROP TABLE IF EXISTS `organizations`;
/*!40101 SET @saved_cs_client     = @@character_set_client */;
/*!50503 SET character_set_client = utf8mb4 */;
CREATE TABLE `organizations` (
  `id` int NOT NULL AUTO_INCREMENT,
  `name` varchar(255) NOT NULL,
  PRIMARY KEY (`id`)
) ENGINE=InnoDB AUTO_INCREMENT=1345457568 DEFAULT CHARSET=utf8mb4 COLLATE=utf8mb4_0900_ai_ci;
/*!40101 SET character_set_client = @saved_cs_client */;

--
-- Dumping data for table `organizations`
--

LOCK TABLES `organizations` WRITE;
/*!40000 ALTER TABLE `organizations` DISABLE KEYS */;
INSERT INTO `organizations` VALUES (2346846,'Phonesi'),(3435475,'Rephonex'),(3463447,'Phonema'),(4342357,'Amaphone'),(5457567,'Vodaphone');
/*!40000 ALTER TABLE `organizations` ENABLE KEYS */;
UNLOCK TABLES;

--
-- Table structure for table `phones`
--

DROP TABLE IF EXISTS `phones`;
/*!40101 SET @saved_cs_client     = @@character_set_client */;
/*!50503 SET character_set_client = utf8mb4 */;
CREATE TABLE `phones` (
  `phone_number` int NOT NULL AUTO_INCREMENT,
  `organization_id` int NOT NULL,
  `user_id` int DEFAULT NULL,
  PRIMARY KEY (`phone_number`),
  KEY `organization_id` (`organization_id`),
  KEY `phones_ibfk_2` (`user_id`),
  CONSTRAINT `phones_ibfk_1` FOREIGN KEY (`organization_id`) REFERENCES `organizations` (`id`),
  CONSTRAINT `phones_ibfk_2` FOREIGN KEY (`user_id`) REFERENCES `users` (`id`)
) ENGINE=InnoDB AUTO_INCREMENT=1000000000 DEFAULT CHARSET=utf8mb4 COLLATE=utf8mb4_0900_ai_ci;
/*!40101 SET character_set_client = @saved_cs_client */;

--
-- Dumping data for table `phones`
--

LOCK TABLES `phones` WRITE;
/*!40000 ALTER TABLE `phones` DISABLE KEYS */;
INSERT INTO `phones` VALUES (100010,3463447,873556),(1010101,3463447,NULL),(1100110,3463447,NULL),(10111011,3463447,NULL),(12345678,5457567,NULL),(90099090,3435475,NULL),(90990999,3435475,547357),(98765432,5457567,NULL),(101010101,3463447,NULL),(109876543,5457567,NULL),(110011001,3463447,NULL),(110101010,3463447,NULL),(110111001,3463447,NULL),(111011101,3463447,NULL),(111111111,2346846,928435),(123456789,5457567,NULL),(123554765,2346846,NULL),(124124124,4342357,NULL),(210987654,5457567,NULL),(222222222,2346846,8736875),(234534784,2346846,NULL),(234557689,2346846,NULL),(234567890,5457567,1212),(234594542,2346846,NULL),(234636485,2346846,NULL),(234654788,2346846,NULL),(234658653,2346846,NULL),(236865243,2346846,NULL),(243463845,2346846,NULL),(243675866,2346846,NULL),(245567767,2346846,8902346),(245568787,2346846,NULL),(245658679,2346846,99876554),(245768799,2346846,NULL),(254786587,2346846,NULL),(255677969,2346846,NULL),(269540457,2346846,NULL),(321098765,5457567,NULL),(321321321,4342357,NULL),(333333333,2346846,NULL),(345678901,5457567,1212),(421421421,4342357,573647),(432109876,5457567,NULL),(436456768,2346846,NULL),(444444444,2346846,78835985),(456456456,4342357,NULL),(456789012,5457567,NULL),(543210987,5457567,NULL),(555555555,2346846,7797834),(567890123,5457567,7835303),(654321098,5457567,1212),(654654654,4342357,573647),(666666666,2346846,57683356),(678901234,5457567,NULL),(765432109,5457567,NULL),(767662109,5457567,NULL),(777777777,2346846,NULL),(789012345,5457567,NULL),(789789789,4342357,NULL),(836503468,2346846,NULL),(876353210,5457567,NULL),(876543210,5457567,NULL),(888888888,2346846,87368793),(890123456,5457567,NULL),(900909909,3435475,67853497),(901234567,5457567,NULL),(909009900,3435475,8735973),(909090090,3435475,38979538),(909090990,3435475,54374),(987654321,5457567,NULL),(987777721,5457567,NULL),(987987987,4342357,NULL),(989898989,4342357,32863024),(999090909,3435475,8350353),(999909099,3435475,7836583),(999990909,3435475,NULL),(999999999,2346846,62354872);
/*!40000 ALTER TABLE `phones` ENABLE KEYS */;
UNLOCK TABLES;

--
-- Table structure for table `users`
--

DROP TABLE IF EXISTS `users`;
/*!40101 SET @saved_cs_client     = @@character_set_client */;
/*!50503 SET character_set_client = utf8mb4 */;
CREATE TABLE `users` (
  `id` int NOT NULL AUTO_INCREMENT,
  `organization_id` int NOT NULL,
  `name` varchar(255) NOT NULL,
  `surname` varchar(255) NOT NULL,
  `phone_id` int DEFAULT NULL,
  PRIMARY KEY (`id`),
  UNIQUE KEY `phone_id` (`phone_id`),
  KEY `organization_id` (`organization_id`),
  CONSTRAINT `users_ibfk_1` FOREIGN KEY (`organization_id`) REFERENCES `organizations` (`id`),
  CONSTRAINT `users_ibfk_2` FOREIGN KEY (`phone_id`) REFERENCES `phones` (`phone_number`)
) ENGINE=InnoDB AUTO_INCREMENT=874365985 DEFAULT CHARSET=utf8mb4 COLLATE=utf8mb4_0900_ai_ci;
/*!40101 SET character_set_client = @saved_cs_client */;

--
-- Dumping data for table `users`
--

LOCK TABLES `users` WRITE;
/*!40000 ALTER TABLE `users` DISABLE KEYS */;
INSERT INTO `users` VALUES (1212,5457567,'Daniela','López',345678901),(46452,3435475,'Dua','Magenta',90099090),(54374,3435475,'Rafael','Matos',909090990),(547357,3435475,'Mia','Travolta',90990999),(573647,4342357,'Trinidad','Contreras',421421421),(873556,3463447,'Clancy','Stewart',100010),(928435,2346846,'Bibiana','Jiménez',111111111),(7797834,2346846,'Consuelo','Alegría',555555555),(7835303,5457567,'Óscar','Paredes',567890123),(7836583,3435475,'Cayetana','Domínguez',999909099),(8350353,3435475,'Bruno','Salazar',999090909),(8735973,3435475,'Dina','Turner',909009900),(8736875,2346846,'Joaquín','Revilla',222222222),(8902346,2346846,'Amaya','Romero',245567767),(32863024,4342357,'Maria','Alba',989898989),(38979538,3435475,'Laila','Miranda',909090090),(57683356,2346846,'Martín','Martín',666666666),(62354872,2346846,'Armando','Casas',999999999),(67853497,3435475,'Esperanza','García',900909909),(78835985,2346846,'Fernando','Murillo',444444444),(87368793,2346846,'Angustias','Mato',888888888),(99876554,2346846,'Ramiro','López',245658679);
/*!40000 ALTER TABLE `users` ENABLE KEYS */;
UNLOCK TABLES;
/*!40103 SET TIME_ZONE=@OLD_TIME_ZONE */;

/*!40101 SET SQL_MODE=@OLD_SQL_MODE */;
/*!40014 SET FOREIGN_KEY_CHECKS=@OLD_FOREIGN_KEY_CHECKS */;
/*!40014 SET UNIQUE_CHECKS=@OLD_UNIQUE_CHECKS */;
/*!40101 SET CHARACTER_SET_CLIENT=@OLD_CHARACTER_SET_CLIENT */;
/*!40101 SET CHARACTER_SET_RESULTS=@OLD_CHARACTER_SET_RESULTS */;
/*!40101 SET COLLATION_CONNECTION=@OLD_COLLATION_CONNECTION */;
/*!40111 SET SQL_NOTES=@OLD_SQL_NOTES */;

-- Dump completed on 2024-06-02 12:04:08
